,STATION,LATITUDE,LONGITUDE
0,FREDERICO WESTPHALEN,-27.39555555,-53.42944443
1,ALMENARA,-16.16666666,-40.68777777
2,SAO JOAO DO PIAUI,-8.36444444,-42.2525
3,SAO LUIZ DO PARAITINGA,-23.22833332,-45.41694443
4,UNAI,-16.55388888,-46.88194443
5,TRAMANDAI,-30.00972222,-50.13527777
6,SANTAREM,-2.50277777,-54.72027777
7,ENCRUZILHADA DO SUL,-30.54305555,-52.52472221
8,CRATEUS,-5.1861111,-40.66999999
9,RONDON DO PARA,-4.82749999,-48.17333332
10,CAICO,-6.467474,-37.084931
11,SAO MATEUS,-18.6761111,-39.86416666
12,CASSILANDIA,-19.122471,-51.720732
13,PARANOA (COOPA-DF),-16.012222,-47.557417
14,LENCOIS,-12.557854,-41.388808
15,TRES LAGOAS,-20.78333333,-51.71222222
16,SIDROLANDIA,-20.98166666,-54.97194443
17,SOBRAL,-3.74805555,-40.34583333
18,FLORESTAL,-19.88527777,-44.41694443
19,AQUIDAUANA,-20.47555554,-55.78388888
20,UNAI,-16.55416666,-46.88194443
21,Laguna  - Farol de Santa Marta,-28.60444444,-48.81333333
22,AGUAS VERMELHAS,-15.751536,-41.457787
23,CASTRO,-24.78694444,-49.99916666
24,PALMEIRA DOS INDIOS,-9.42027777,-36.62027777
25,FEIJO,-8.142654,-70.343594
26,COTRIGUACU,-9.90611111,-58.57194443
27,SANTANA DO ARAGUAIA,-9.34055555,-50.35027777
28,PALMAS,-10.14777777,-48.31444444
29,SAO GONCALO,-6.75666666,-38.22749999
30,ITABERABA,-12.51666666,-40.3
31,MAJOR VIEIRA,-26.3936111,-50.36333333
32,NOVO REPARTIMENTO,-4.243989,-49.939308
33,SANTA TERESA,-19.98833333,-40.57944443
34,NITEROI,-22.867389,-43.102056
35,GILBUES,-9.87527777,-45.34583333
36,APODI,-5.62666666,-37.815
37,URUCARA,-2.53472221,-57.75805555
38,CAMBARA DO SUL,-29.04888888,-50.14944444
39,RIO PARDO,-29.872113,-52.38198
40,JARDIM,-21.4786111,-56.13777777
41,CAMARATUBA,-6.56194444,-35.13527777
42,BOM JESUS DA LAPA,-13.251094,-43.405365
43,BURITICUPU,-4.32055554,-46.44944444
44,ITIRUCU,-13.52833332,-40.11972221
45,LENCOIS,-12.55722222,-41.38888888
46,PORTO WALTER,-8.26694443,-72.74777777
47,QUEIMADAS,-10.98472221,-39.61694443
48,SALINOPOLIS,-0.618884,-47.356596
49,CARATINGA,-19.735757,-42.137146
50,BALSAS,-7.45555555,-46.02749999
51,MARILANDIA,-19.40722222,-40.53972221
52,ESPINOSA,-14.91277777,-42.82972221
53,SAO LUIS,-2.526771,-44.213577
54,AGUAS VERMELHAS,-15.75222222,-41.45833333
55,MORADA NOVA,-5.13638888,-38.35638888
56,VILA VELHA,-20.46694443,-40.40388888
57,IBITINGA,-21.855567,-48.799717
58,SAO FELIX  DO ARAGUAIA,-11.61888888,-50.72777777
59,SOURE,-0.72777777,-48.51583333
60,SAO JOAQUIM,-28.27555554,-49.93444444
61,DELFINO,-10.455,-41.20694444
62,UAUA,-9.833617,-39.495631
63,LAGUNA CARAPA,-22.57527777,-55.16027777
64,OURINHOS,-22.9486111,-49.89416666
65,BERTIOGA,-23.84499999,-46.14305555
66,DIAMANTINA,-18.231052,-43.648269
67,CONCEICAO DO ARAGUAIA,-8.30361111,-49.28277777
68,CASA BRANCA,-21.77972221,-47.07972221
69,PARANA,-12.614893,-47.871917
70,JOAO PINHEIRO,-17.78444444,-46.11944443
71,ALTO ARAGUAIA,-17.33944444,-53.22444443
72,SETE QUEDAS,-23.96694443,-55.02416666
73,CANTO DO BURITI,-8.11805554,-42.97583332
74,MARINGA,-23.40777777,-51.91666666
75,LAGES,-27.802228,-50.335457
76,COLINAS,-6.033167,-44.233402
77,CARUARU,-8.2361111,-35.98583333
78,CASTELO DO PIAUI,-5.34916666,-41.51222222
79,SAO MIGUEL DO ARAGUAIA,-12.820489,-50.335969
80,RIO DO CAMPO,-26.937526,-50.145445
81,ITUPORANGA,-27.41833332,-49.64694444
82,CAMPO VERDE,-15.52749999,-55.13555555
83,TEUTONIA,-29.45027777,-51.82416666
84,MACAJUBA,-12.11666666,-40.18333333
85,CAMPOS DOS GOYTACAZES - SAO TOME,-22.04166666,-41.05166666
86,IPANGUACU,-5.534867,-36.872313
87,Laguna  - Farol de Santa Marta,-28.604414,-48.813313
88,VITORIA,-20.26666666,-40.3
89,RESENDE,-22.450924,-44.444786
90,CAMPOS DO JORDAO,-22.75027777,-45.60388888
91,SAO MIGUEL DO ARAGUAIA,-12.82055554,-50.33583333
92,AMAMBAI,-23.0025,-55.32944443
93,IBOTIRAMA,-12.19305555,-43.21333333
94,ACARAU,-3.121067,-40.087288
95,MONTE ALEGRE,-2.0,-54.07583332
96,SANTA RITA DE CASSIA,-11.00277777,-44.52499999
97,IVAI,-25.01333333,-50.8711111
98,MONTES CLAROS,-16.68638888,-43.84388888
99,MARAU,-13.90722222,-38.97222221
100,BAGE,-31.34777777,-54.01333333
101,CLEVELANDIA,-26.41722221,-52.3486111
102,MAL. CANDIDO RONDON,-24.53583333,-54.01972221
103,TERESINA,-5.07388888,-42.80694444
104,CRUZ DAS ALMAS,-12.65,-39.15
105,OURICURI,-7.88583333,-40.10277777
106,VILA BELA DA SANTISSIMA TRINDADE,-15.062696,-59.872921
107,BOCA DO ACRE,-8.77666666,-67.33249999
108,SINOP,-11.982245,-55.565993
109,CASTELO DO PIAUI,-5.349228,-41.512274
110,VALPARAISO,-21.31916666,-50.93027777
111,CAMPOS LINDOS,-8.15472222,-46.63944444
112,CAIAPONIA,-16.966841,-51.817567
113,BRAGANCA,-1.04722221,-46.78583333
114,NOVA MARINGA,-13.06555555,-57.15611111
115,RONDON DO PARA,-4.827501,-48.173556
116,DRACENA,-21.457699,-51.552254
117,MANTENA,-18.78027777,-40.98583333
118,CAPITAO POCO,-1.73472221,-47.0575
119,TRES LAGOAS,-20.78999999,-51.71222222
120,LARANJEIRAS DO SUL,-25.36888888,-52.39194444
121,CONCEICAO DO ARAGUAIA,-8.30361,-49.28277
122,SACRAMENTO,-19.87527777,-47.43416666
123,ITAPIPOCA,-3.48388888,-39.58833333
124,PRESIDENTE FIGUEIREDO,-2.05666666,-60.02583332
125,ARAGARCAS,-15.902658,-52.245172
126,SERRA TALHADA,-7.954277,-38.295082
127,ITIQUIRA,-17.29722221,-54.83722221
128,TAUBATE,-23.041668,-45.520841
129,XANXERE,-26.9386111,-52.415
130,UBERABA,-19.71,-47.96194444
131,CAMPO GRANDE,-20.447195,-54.722615
132,BRASILIA,-15.78944444,-47.92583332
133,BOM JESUS DO PIAUI,-9.07999999,-44.32777777
134,MINA DO PALITO,-6.320067,-55.787783
135,IGUATU,-6.39666666,-39.27027777
136,ANGICAL DO PIAUI,-6.08944444,-42.72749999
137,SANTO AUGUSTO,-27.854345,-53.791179
138,CARLINDA,-9.97055554,-55.82749999
139,HUMAITA,-7.55252,-63.071343
140,MACAU,-5.15111111,-36.57305554
141,NOVA VENECIA,-18.69527777,-40.4075
142,SAO JOAQUIM,-28.27564,-49.934617
143,FLORESTA,-8.598785,-38.584062
144,PALMAS,-10.18333333,-48.3
145,URUGUAIANA,-29.84249999,-57.08249999
146,RIO VERDE,-17.785303,-50.964869
147,SAO MIGUEL DO OESTE,-26.78638888,-53.51416666
148,PRADOPOLIS,-21.33833333,-48.11388888
149,SAO MIGUEL DO OESTE,-26.7861111,-53.51388888
150,CHAPADINHA,-3.74277777,-43.35222222
151,ITAMARAJU,-17.436667,-39.550861
152,PIUM,-10.47694443,-49.62944443
153,BARUERI,-23.52333332,-46.86916666
154,GILBUES,-9.87472221,-45.34638888
155,COMODORO,-13.70805555,-59.7625
156,PRES. KENNEDY,-21.10083333,-41.03944444
157,VENTANIA,-24.28027777,-50.21027777
158,BARCELOS,-0.987292,-62.924251
159,JAPIRA,-23.77305554,-50.18055554
160,MARIA DA FE,-22.31444444,-45.37277777
161,MARIA DA FE,-22.31444444,-45.37305554
162,ALFREDO CHAVES,-20.636526,-40.741818
163,BARRA,-11.084858,-43.138998
164,ALEGRETE,-29.70916666,-55.52555554
165,FLORIANO,-6.76138888,-43.00333333
166,MORRETES,-25.508935,-48.808681
167,TRAMANDAI,-30.01027777,-50.13583333
168,GOIANESIA,-15.22027777,-48.98999999
169,PARINTINS,-2.639152,-56.756177
170,IMPERATRIZ,-5.555723,-47.459794
171,ARAPIRACA,-9.80416666,-36.61888888
172,DORES DO INDAIA,-19.48194443,-45.59388888
173,CAMPO VERDE,-15.53138888,-55.13555555
174,RIO GRANDE,-32.07878,-52.167738
175,NHUMIRIM,-18.9886111,-56.62277777
176,MACAPA,0.03502,-51.088763
177,RONDON DO PARA,-4.82749999,-48.1736111
178,MONTE VERDE,-22.86166666,-46.04333333
179,SURUBIM,-7.83694444,-35.7961111
180,SAO MIGUEL DO OESTE,-26.77638888,-53.50416666
181,SERRA TALHADA,-7.95416666,-38.29499999
182,ALEGRETE,-29.709083,-55.525486
183,CAARAPO,-22.657056,-54.819306
184,ALTO PARNAIBA,-9.108199,-45.932016
185,S. G. DA CACHOEIRA,-0.12499999,-67.06111111
186,CASTRO,-24.78944444,-49.99972221
187,ERECHIM,-27.66027777,-52.30638888
188,GUARANTA DO NORTE,-9.95,-54.88333333
189,PETROLINA,-9.38805555,-40.48944444
190,BARREIRAS,-12.124715,-45.027049
191,S.J. DO RIO CLARO,-13.453981,-56.677323
192,ITAPORA,-22.092833,-54.798833
193,TEUTONIA,-29.44916666,-51.82333332
194,SAO PAULO - MIRANTE,-23.48333333,-46.61666666
195,TRES MARIAS,-18.20055555,-45.45972222
196,JAGUARAO,-32.53472221,-53.37583332
197,BOCA DO ACRE,-8.776804,-67.332557
198,CHAPADAO DO SUL,-18.80222222,-52.60277777
199,SAO MIGUEL ARCANJO,-23.85138888,-48.16444444
200,RIO NEGRINHO,-26.2486111,-49.57416666
201,SANTA MARIA,-29.72496,-53.720469
202,SAO MATEUS,-18.676198,-39.864051
203,MURIAE,-21.10472222,-42.37583332
204,SANTA ROSA DO TOCANTINS,-11.429018,-48.184889
205,PETROLINA,-9.38833333,-40.52333332
206,SERRA DOS CARAJAS,-6.07749999,-50.14222221
207,BRAGANCA PAULISTA,-22.951944,-46.530556
208,CAMPINA VERDE,-19.53916666,-49.51805554
209,ALTO ARAGUAIA,-17.33944444,-53.22416666
210,RIO BRILHANTE,-21.77472221,-54.52805554
211,ALTO PARAISO DE GOIAS,-14.133074,-47.523258
212,TANGARA DA SERRA,-14.650117,-57.431556
213,ALMAS,-11.284098,-47.212125
214,VALENCA DO PIAUI,-6.39916666,-41.73999999
215,BOM JESUS DA LAPA,-13.25111111,-43.40527777
216,NHUMIRIM,-18.98888888,-56.62305554
217,PLANALTO,-25.721863,-53.74792
218,DIONISIO CERQUEIRA,-26.286562,-53.633114
219,SAO MIGUEL DO OESTE,-26.77666666,-53.50444444
220,BARUERI,-23.52388888,-46.86944443
221,CAMAPUA,-19.58749999,-54.02999999
222,BELEM,-1.41027777,-48.43833333
223,DOIS VIZINHOS,-25.69916666,-53.09527777
224,FORMOSO DO RIO PRETO,-11.05222222,-45.20083333
225,GOVERNADOR VALADARES,-18.830354,-41.977007
226,PONTES E LACERDA,-15.23444444,-59.3461111
227,ITAUBAL,0.56777777,-50.8236111
228,VALENCA,-22.35,-43.7
229,TUCURUI,-3.82276,-49.674956
230,AMARGOSA,-13.00944444,-39.61694443
231,CAMAQUA,-30.807953,-51.83424
232,SAO GABRIEL,-30.34138888,-54.31083333
233,PORTO WALTER,-8.267197,-72.747838
234,LAGOA DA CONFUSAO,-10.828286,-49.847882
235,PARNAIBA,-3.086656,-41.783139
236,SAO JOSE DOS AUSENTES,-28.748615,-50.057869
237,SAO MIGUEL ARCANJO,-23.89083333,-47.99916666
238,LUIZ EDUARDO MAGALHAES,-12.152394,-45.829745
239,MOSTARDAS,-31.24833333,-50.90638888
240,PARQUE ESTADUAL CHANDLESS,-9.35833333,-69.92638888
241,VOTUPORANGA,-20.40305555,-49.96583333
242,UNA,-15.27999999,-39.0911111
243,SAO FELIX  DO ARAGUAIA,-11.619023,-50.727856
244,BONITO,-21.246756,-56.450442
245,JOAQUIM TAVORA,-23.505266,-49.946387
246,MARINGA,-23.40527777,-51.93277777
247,PARAGOMINAS,-2.99027777,-47.40777777
248,SAO RAIMUNDO NONATO,-9.03333333,-42.70111111
249,CARMO,-21.9386111,-42.60083333
250,CIDADE GAUCHA,-23.37583332,-52.93194443
251,CAMPOS NOVOS,-27.3886111,-51.21583333
252,GUANHAES,-18.78694444,-42.94305555
253,SAO ROMAO,-16.362747,-45.123801
254,AGUA CLARA,-20.44444,-52.87583
255,NOVA ANDRADINA,-22.0786111,-53.46583333
256,MANICORE,-5.7886111,-61.28833333
257,CHAPECO,-27.0853111,-52.6357111
258,PEDRO AFONSO,-8.968677,-48.177259
259,PREGUICAS,-2.59222221,-42.7075
260,MANACAPURU,-3.29472221,-60.62833332
261,ANGRA DOS REIS,-22.97583332,-44.30333333
262,S.J. DO RIO CLARO,-13.45,-56.66666666
263,RIO BRANCO,-9.67972221,-68.16527777
264,NOVA VENECIA,-18.69527777,-40.39055555
265,PARANATINGA,-14.42138888,-54.03527777
266,JALES,-20.165025,-50.595134
267,SAO VICENTE DO SUL,-29.70222222,-54.69444444
268,DOM ELISEU,-4.28999999,-47.55
269,CAMPINA DA LAGOA,-24.57083332,-52.8025
270,ALTO PARNAIBA,-9.10805555,-45.93194443
271,AREIA,-6.975451,-35.718128
272,JAGUARIBE,-5.90555555,-38.62777777
273,CONCEICAO DAS ALAGOAS,-19.98586,-48.151574
274,ERECHIM,-27.65777777,-52.30583333
275,MARAMBAIA,-23.05,-43.6
276,CORURIPE,-10.1286111,-36.28638888
277,MEDICILANDIA,-3.51083333,-52.96333333
278,VILHENA,-12.73499999,-60.15777777
279,CAMPOS DO JORDAO,-22.750231,-45.603836
280,SAO SIMAO,-18.969142,-50.633449
281,COLINAS DO TOCANTINS,-8.09277777,-48.4786111
282,APUI,-7.205475,-59.888561
283,PARANAIBA,-19.69527777,-51.18138888
284,TUCURUI,-3.82277777,-49.67499999
285,RIO PARDO DE MINAS,-15.723139,-42.435756
286,IBIRUBA,-28.65333333,-53.11194444
287,LINHARES,-19.35694444,-40.0686111
288,CRISTALINA,-16.78499999,-47.61305555
289,MOSTARDAS,-31.248279,-50.906279
290,XINGUARA,-7.110518,-49.926072
291,MAJOR VIEIRA,-26.393664,-50.363211
292,JOAO PESSOA,-7.16583333,-34.81527777
293,BELMONTE,-16.08805555,-39.21527777
294,PIATA,-13.15583333,-41.77416666
295,NITEROI,-22.86749999,-43.10194444
296,SANTA ROSA,-27.89055555,-54.47999999
297,MARILANDIA,-19.407181,-40.539825
298,RIO PARDO DE MINAS,-15.72305554,-42.43583333
299,PARINTINS,-2.63916666,-56.75611111
300,CACAPAVA DO SUL,-30.54527777,-53.46694443
301,RIO SONO,-9.16,-47.13277777
302,SAO JOAO DO PIAUI,-8.36472222,-42.25083333
303,ITAPACI,-14.97972221,-49.53999999
304,CACERES,-16.07444443,-57.69277777
305,CAMPINA VERDE,-19.53921,-49.518133
306,SANTA MARIA DAS BARREIRAS,-8.72972221,-49.85638888
307,IBIRITE (ROLA MOCA),-20.031457,-44.011249
308,CALCANHAR,-5.16,-35.48749999
309,URUCARA,-2.534749,-57.758099
310,BELO HORIZONTE (PAMPULHA),-19.88388888,-43.96944443
311,RIO NEGRINHO,-26.248411,-49.580624
312,PARANAPOEMA,-22.49166666,-52.13444444
313,DELFINO,-10.45492,-41.206996
314,AIMORES,-19.532768,-41.090801
315,VALENCA DO PIAUI,-6.4236111,-41.74888888
316,BELA VISTA,-22.10083333,-56.53999999
317,MARILIA,-22.235222,-49.965111
318,SANTIAGO,-29.191599,-54.885653
319,INDAIAL,-26.913704,-49.267978
320,TOME ACU,-2.6,-48.36666666
321,SAO BORJA,-28.650092,-56.016291
322,SETE LAGOAS,-19.45527777,-44.17333332
323,Santa Vitoria do Palmar - Barra do Chui,-33.742297,-53.372218
324,ECOLOGIA AGRICOLA,-22.8,-43.68333333
325,INDAIAL,-26.91361111,-49.26805554
326,SAO PAULO - MIRANTE,-23.49638888,-46.61999999
327,BURITIS,-15.524262,-46.435536
328,TERESINA,-5.03472221,-42.80138888
329,PIRES DO RIO,-17.30416666,-48.28416666
330,RESENDE,-22.45,-44.45
331,MAL. CANDIDO RONDON,-24.53333333,-54.01916666
332,ARRAIAL DO CABO,-22.98333333,-42.01666666
333,LARANJEIRAS DO SUL,-25.37138888,-52.40083333
334,BOCA DO ACRE,-8.77666666,-67.33222221
335,PEIXE,-12.01666666,-48.55
336,ITAPORANGA,-7.31833332,-38.14083333
337,BREJO GRANDE,-10.473959,-36.482051
338,SAO JOSE DOS AUSENTES,-28.7486111,-50.05777777
339,CALCANHAR,-5.159925,-35.487616
340,CONDE,-12.03583333,-37.68388888
341,PAULISTANA,-8.132288,-41.142945
342,PALMAS,-10.190744,-48.301811
343,PARATI,-23.22333332,-44.72666666
344,ZE DOCA,-3.26916666,-45.65111111
345,COARI,-4.097483,-63.145322
346,GUIRATINGA,-16.34166666,-53.76611111
347,FLORESTAL,-19.885398,-44.416883
348,BARREIRAS,-12.15,-45.01666666
349,BARRA,-11.08472221,-43.13916666
350,FLORIANOPOLIS,-27.6025,-48.61999999
351,UBERABA,-19.71,-47.96166666
352,GURUPI,-11.74583333,-49.04972221
353,SOLEDADE,-28.85361111,-52.55833333
354,RIO CLARO,-22.65361111,-44.04083333
355,MANHUACU,-20.26333333,-42.18277777
356,ITABAIANINHA,-11.2725,-37.795
357,RIO VERDE,-17.78583333,-50.98138888
358,PRESIDENTE KENNEDY,-21.10083333,-41.03944444
359,SEROPEDICA-ECOLOGIA AGRICOLA,-22.75777777,-43.68472221
360,CURVELO,-18.747711,-44.453785
361,CHAPADAO DO SUL,-18.802187,-52.60262
362,ALTAMIRA,-3.26999999,-52.39472221
363,ABROLHOS,-17.96305555,-38.70333333
364,ITABAIANA,-10.67166666,-37.47138888
365,NOVA TEBAS,-24.43722221,-51.96305555
366,SAQUAREMA - SAMPAIO CORREIA,-22.8711111,-42.60888888
367,BOM JESUS DA LAPA,-13.41666666,-43.18416666
368,COSTA RICA,-18.492665,-53.171261
369,CRUZ ALTA,-28.60344,-53.673597
370,IPIAU,-14.171304,-39.692502
371,BELEM,-1.411228,-48.439512
372,AMARGOSA,-13.009468,-39.616881
373,GRAJAU,-5.81611111,-46.16222222
374,VILA MILITAR,-22.86083333,-43.41111111
375,MARIANOPOLIS DO TO,-9.57638888,-49.72333332
376,SAO ROMAO,-16.36277777,-45.12388888
377,BARRA DO CORDA,-5.50666666,-45.23694444
378,MACAPA,0.03499999,-51.08888888
379,CAIAPONIA,-16.96666666,-51.81749999
380,PORTO SEGURO,-16.388977,-39.182389
381,MIRANDA,-20.38333333,-56.41666666
382,XINGUARA,-7.11027777,-49.92583332
383,MATEIROS,-10.434441,-45.921941
384,TURIACU,-1.66166666,-45.37277777
385,CANTO DO BURITI,-8.117939,-42.975721
386,PAMPULHA,-19.883945,-43.969397
387,QUARAI,-30.3686111,-56.43722221
388,BARBACENA,-21.228373,-43.767703
389,CARUARU,-8.36527777,-36.02833332
390,ITAPACI,-14.979792,-49.539977
391,SERRINHA,-11.66472222,-39.02305554
392,CRATEUS,-5.186636,-40.672128
393,URUCARA,-2.89638888,-57.75833333
394,ITUVERAVA,-20.35944444,-47.77499999
395,MINEIROS,-17.45472222,-52.60111111
396,CAMAQUA,-30.81055555,-51.83472221
397,MARABA,-5.366447,-49.051166
398,IBIRUBA,-28.653458,-53.111881
399,NOVO HORIZONTE,-26.406499,-52.850366
400,CRUZEIRO DO SUL,-7.61055555,-72.405
401,PORTO ALEGRE,-30.053536,-51.174766
402,SAO BORJA,-28.65,-56.01638888
403,CARLINDA,-9.970586,-55.827543
404,IGUAPE,-24.71666666,-47.55
405,VOTUPORANGA,-20.40333333,-49.96611111
406,TOME ACU,-2.59249999,-48.36055555
407,BATAGUASSU,-21.750123,-52.471294
408,DIAMANTINA,-18.2311111,-43.64805555
409,PAULISTANA,-8.07999999,-41.07999999
410,TANGARA DA SERRA,-14.65,-57.41666666
411,CORRENTINA,-13.33249999,-44.61749999
412,SAO LUIS DO PARAITINGA,-23.22833332,-45.41722221
413,JOSE BONIFACIO,-21.08555555,-49.92027777
414,LABREA,-7.43527777,-64.7886111
415,CURITIBA,-25.4486111,-49.23055554
416,MONTALVANIA,-14.408228,-44.404123
417,OLIVEIRA,-20.715,-44.86444444
418,LUZIANIA,-16.27222222,-47.96638889
419,LAGES,-27.80222222,-50.33555555
420,ARIRANHA,-21.13305554,-48.84055555
421,TERESOPOLIS,-22.44888888,-42.98722221
422,ITAPETINGA,-15.24472221,-40.22944443
423,SAQUAREMA,-22.8711111,-42.60916666
424,CABACEIRAS,-7.48333333,-36.28638888
425,DTCEA JACAREACANGA,-6.23722221,-57.77499999
426,LINS,-21.666045,-49.734854
427,DIANOPOLIS,-11.594448,-46.847209
428,CARIRA,-10.39972221,-37.74749999
429,SAO JOAO DEL REI,-21.10638888,-44.25083333
430,NOVA FRIBURGO,-22.33305554,-42.67722221
431,DTCEA TEFE,-3.37722221,-64.72305554
432,SENHOR DO BONFIM,-10.44305555,-40.14833333
433,SANTA RITA DE CASSIA,-11.01999999,-44.52499999
434,ANGELICA,-22.14805555,-53.76361111
435,PREGUICAS,-2.592341,-42.707553
436,UBERABA,-19.710028,-47.961889
437,CARAVELAS,-17.739413,-39.258617
438,MONTEIRO,-7.894465,-37.124704
439,ITUVERAVA,-20.35972222,-47.77527777
440,POSSE,-14.08916666,-46.36638888
441,RIO DO CAMPO,-26.93749999,-50.14555555
442,SALINAS,-16.16027777,-42.31027777
443,SAO PAULO - MIRANTE,-23.496294,-46.620088
444,NOVA UBIRATA,-13.68638888,-54.95611111
445,MACAJUBA,-12.13166666,-40.35416666
446,NHUMIRIM,-18.988681,-56.622868
447,LUZIANIA,-16.26055555,-47.96694443
448,SANTO AUGUSTO,-27.85416666,-53.7911111
449,ARIRANHA,-21.13305554,-48.84027777
450,FORMOSO DO ARAGUAIA,-11.88749999,-49.60833333
451,MOSSORO,-4.90416666,-37.36694443
452,FORMOSO DO ARAGUAIA,-11.887377,-49.608215
453,JOACABA,-27.16944443,-51.57555554
454,IPANGUACU,-5.53499999,-36.87222221
455,SAPEZAL,-10.16583333,-59.45111111
456,JUIZ DE FORA,-21.76999999,-43.36416666
457,PARANA,-12.615,-47.87194443
458,PORTO WALTER,-8.26722221,-72.74777777
459,CONDE,-12.035833,-37.683889
460,SAO BENTO,-2.7,-44.85
461,FAROL de SANTANA,-2.27083332,-43.62388888
462,SAO LUIS,-2.52694443,-44.21305555
463,BREVES,-1.68027777,-50.47805554
464,CAMPINA GRANDE,-7.225574,-35.904831
465,CAMPOS DOS GOYTACAZES,-21.71472222,-41.34388888
466,CONCEICAO DO ARAGUAIA,-8.25916666,-49.27416666
467,CAARAPO,-22.65694444,-54.81944443
468,CASTRO,-24.786954,-49.999266
469,JAGUARUANA,-4.83777777,-37.69972221
470,SAO LUIZ GONZAGA,-28.41694443,-54.96222222
471,SOLEDADE,-28.859211,-52.542387
472,PARINTINS,-2.64055555,-56.75472222
473,EB_PEF_BONFIM,3.35888888,-59.82388888
474,SAO SEBASTIAO,-23.810722,-45.402528
475,MARABA,-5.16722221,-49.37916666
476,AGUAS VERMELHAS,-15.75166666,-41.45777777
477,MANICORE,-5.81055555,-61.29194444
478,BRASNORTE (NOVO MUNDO),-12.52194443,-58.23138888
479,ARAGUATINS,-5.6436111,-48.11166666
480,ARRAIAL DO CABO,-22.97527777,-42.02138888
481,PORTO ESTRELA,-15.54638888,-57.38166666
482,IBITINGA,-21.85555555,-48.79972221
483,CAMETA,-2.23972221,-49.49972221
484,TAUA,-6.017474,-40.281321
485,PAO DE ACUCAR,-9.74922,-37.430765
486,TUCUMA,-6.74333333,-51.14194444
487,CIDADE GAUCHA,-23.35916666,-52.93194443
488,ITAPEVA,-23.98194443,-48.88583333
489,JOACABA,-27.16916666,-51.55888888
490,MARABA,-5.36638888,-49.05111111
491,SALVADOR,-13.01666666,-38.51666666
492,NOVA ANDRADINA,-22.078528,-53.465889
493,EUCLIDES DA CUNHA,-10.537233,-38.996605
494,FORMOSA DO RIO PRETO,-11.05222222,-45.20083333
495,ILHA DO MEL,-25.49444444,-48.32583332
496,TERESINA,-5.034769,-42.801341
497,ITABAIANINHA,-11.27249999,-37.79499999
498,DIANOPOLIS,-11.59416666,-46.84722221
499,DIAMANTE DO NORTE,-22.63944444,-52.89027777
500,CHAPADINHA,-3.742674,-43.352084
501,OBIDOS,-1.88083332,-55.51972221
502,RIO PARDO DE MINAS,-15.72277777,-42.43527777
503,NOVA FATIMA,-23.415284,-50.577744
504,MEDICILANDIA,-3.51083333,-52.96361111
505,FORMOSO DO RIO PRETO,-11.052164,-45.200769
506,UNAI,-16.554101,-46.881935
507,PIRIPIRI,-4.26388888,-41.77805554
508,CANELA,-29.36888888,-50.82749999
509,PALMEIRA DAS MISSOES,-27.92166666,-53.31694443
510,CACAPAVA DO SUL,-30.54777777,-53.46749999
511,SERRA DOS AIMORES,-17.7986111,-40.24972221
512,PARACATU,-17.24416666,-46.88166666
513,PONTES E LACERDA,-15.234582,-59.346215
514,CORONEL PACHECO,-21.54694444,-43.26111111
515,DIAMANTE DO NORTE,-22.639366,-52.890156
516,BOM JARDIM DA SERRA - MORRO DA IGREJA,-28.13333333,-49.48333333
517,UNA,-15.28027777,-39.09138888
518,CORRENTINA,-13.332386,-44.617376
519,SAO JOAO DEL REI,-21.106502,-44.250928
520,ARAGUATINS,-5.643725,-48.111839
521,RIO PARDO,-29.87222221,-52.38194443
522,RIO DE JANEIRO - JACAREPAGUA,-22.93999999,-43.40277777
523,CAMPO NOVO DOS PARECIS,-13.78333333,-57.83333333
524,MORADA NOVA,-5.0911111,-38.36472222
525,ITAMARAJU,-17.00694444,-39.55805555
526,SANTANA DO LIVRAMENTO,-30.84249999,-55.61305555
527,JATAI,-17.9236111,-51.71749999
528,BRAGANCA,-1.04527777,-46.78277777
529,ITAJAI,-26.95083333,-48.76194444
530,TRAMANDAI,-30.010268,-50.135887
531,HUMAITA,-7.5525,-63.07138888
532,TUPANCIRETA,-29.0893814,-53.82665025
533,ITUPORANGA,-27.41841,-49.646874
534,VALPARAISO,-21.319138,-50.930158
535,BAIXA GRANDE DO RIBEIRO,-8.333531,-45.094625
536,PAO DE ACUCAR,-9.76583333,-37.44777777
537,CORONEL PACHECO,-21.54666666,-43.26111111
538,OBIDOS,-1.880789,-55.519856
539,MONTE ALEGRE DE GOIAS,-13.25361111,-46.89027777
540,GUARANTA DO NORTE,-9.9525,-54.89777777
541,BARBACENA,-21.22888888,-43.76694443
542,SANTO ANTONIO DO LESTE,-14.92499999,-53.88444444
543,ITAPORANGA,-7.3186111,-38.14083333
544,MINA DO PALITO,-6.31972221,-55.78722221
545,ARACUAI,-16.84888888,-42.44055555
546,PIRIPIRI,-4.276047,-41.794568
547,RANCHO QUEIMADO,-27.678507,-49.042027
548,RIO NEGRINHO,-26.2486111,-49.58055554
549,BARREIRAS,-12.12472221,-45.02694443
550,SAO MATEUS DO SUL,-25.83499999,-50.3686111
551,DTCEA VILHENA,-12.75055555,-60.14916666
552,UBERLANDIA,-18.91694443,-48.25555555
553,CRUZEIRO DO SUL,-7.61055555,-72.6811111
554,TERESOPOLIS-PARQUE NACIONAL,-22.4486111,-42.98694444
555,PORTO MURTINHO,-21.70585,-57.886546
556,QUARAI,-30.368578,-56.437115
557,TAUBATE,-23.04166666,-45.52083332
558,SAO MIGUEL ARCANJO,-23.85194444,-48.16472222
559,CARAVELAS,-17.73944444,-39.25861111
560,SAO LUIS DO QUITUNDE,-9.28749999,-35.56583333
561,VITORIA DA CONQUISTA,-14.8861111,-40.80138888
562,ITAPIRA,-22.415,-46.80527777
563,GAMA (PONTE ALTA),-15.93527777,-48.13749999
564,ITIQUIRA,-17.17499999,-54.50166666
565,PATROCINIO,-18.99638888,-46.98583333
566,OLIVEIRA,-20.71472222,-44.86444444
567,VICOSA,-20.762607,-42.864013
568,ITUMBIARA,-18.40972222,-49.19194444
569,PARAGOMINAS,-2.9911111,-47.35638888
570,ARAGUACU,-12.59222221,-49.5286111
571,SAO GABRIEL DO OESTE,-19.42027777,-54.55305555
572,RIBEIRA DO AMPARO,-11.05861111,-38.44416666
573,TURIACU,-1.661224,-45.372571
574,BOM JESUS DO PIAUI,-9.083251,-44.32647
575,JOAO PINHEIRO,-17.78472221,-46.11916666
576,SELVIRIA,-20.351444,-51.430222
577,CORRENTE,-10.42916666,-45.17305554
578,MARACAJU,-21.60916666,-55.17777777
579,CAMPO NOVO DOS PARECIS,-13.78583333,-57.8386111
580,PASSOS,-20.745237,-46.633916
581,CRUZEIRO DO SUL,-7.610773,-72.681333
582,SAO RAIMUNDO NONATO,-9.03305554,-42.70111111
583,PICO DO COUTO,-22.46472222,-43.29138888
584,DIAMANTE DO NORTE,-22.63388888,-52.85888888
585,JUTI,-22.85722222,-54.60555555
586,UBERLANDIA,-18.91722221,-48.25555555
587,FORTALEZA,-3.81583333,-38.53777777
588,RIO DO CAMPO,-26.93749999,-50.14638888
589,SANTO ANTONIO DO LESTE,-14.92777777,-53.8836111
590,GOVERNADOR VALADARES,-18.83027777,-41.97666666
591,OURO BRANCO,-20.556592,-43.75622
592,CACOAL,-11.44583333,-61.43416666
593,PONTES E LACERDA,-15.25111111,-59.34666666
594,LENCOIS,-12.55777777,-41.38888888
595,IPORA,-16.423059,-51.148801
596,VALENCA,-22.35805555,-43.69555555
597,ALFREDO CHAVES,-20.63638888,-40.74138888
598,SAO FELIX DO XINGU,-6.639622,-51.956966
599,JOSE BONIFACIO,-21.085675,-49.920388
600,SANTA RITA DO PARDO,-21.30583333,-52.82027777
601,SAO GABRIEL DO OESTE,-19.42032,-54.553088
602,RIO PARDO,-29.87333332,-52.38249999
603,PARATI,-23.2236111,-44.72694443
604,PILAO ARCADO,-10.018333,-42.500278
605,BARBALHA,-7.31805554,-39.30166666
606,PEF YAUARETE,0.59944444,-69.19194444
607,ALEGRETE,-29.71166666,-55.5261111
608,MORRETES,-25.51277777,-48.80861111
609,COLINAS,-6.03333333,-44.23333333
610,REDENCAO,-8.04333333,-50.00694444
611,CHAPADA GAUCHA,-15.300159,-45.617431
612,ARAL MOREIRA,-22.955,-55.6261111
613,MURIAE,-21.104867,-42.375904
614,GAUCHA DO NORTE,-13.184857,-53.257366
615,POMPEU,-19.23249999,-44.96416666
616,VENTANIA,-24.23833333,-50.24555555
617,SANTANA DO ARAGUAIA,-9.338611,-50.35028
618,AVARE,-23.10166666,-48.9411111
619,SANTA TERESA,-19.988388,-40.579572
620,BALSAS,-7.45527777,-46.02749999
621,VARGINHA,-21.56638888,-45.40416666
622,ARACAJU,-10.952413,-37.05433
623,COLINAS DO TOCANTINS,-8.092708,-48.478605
624,DORES DO INDAIA,-19.48166666,-45.59388888
625,CAICO,-6.45972222,-37.08888888
626,MONTE ALEGRE DE GOIAS,-13.24805555,-46.88972221
627,ALTO PARAISO DE GOIAS,-14.13305554,-47.52305554
628,QUIXADA,-4.97888888,-39.05722222
629,PEF IPIRANGA,-2.93055554,-69.69527777
630,CURACA,-9.00138888,-39.91277777
631,NOSSA SENHORA DA GLORIA,-10.20777777,-37.43194443
632,ITATIAIA,-22.37388888,-44.70305555
633,MORADA NOVA,-5.13666666,-38.35666666
634,PRESIDENTE PRUDENTE,-22.11999999,-51.4
635,ALTA FLORESTA,-10.07722221,-56.17916666
636,FRANCA,-20.57999999,-47.37999999
637,MARIA DA FE,-22.314567,-45.373049
638,MARAU,-13.90694,-38.97222
639,MOSSORO,-4.904087,-37.366943
640,BELO HORIZONTE - CERCADINHO,-19.97999999,-43.95861111
641,CANGUCU,-31.403299,-52.700699
642,SERRINHA,-11.66444444,-39.02305554
643,GENERAL CARNEIRO,-26.398473,-51.35367
644,SANTA ISABEL DO RIO NEGRO,-0.41444444,-65.01749999
645,SAO CARLOS,-21.980353,-47.883927
646,PORTO ALEGRE,-30.05361111,-51.17472221
647,JAGUARAO,-32.53749999,-53.37638888
648,SERAFINA CORREA,-28.70472222,-51.87055554
649,ITAQUIRAI,-23.44944444,-54.18166666
650,MANHUACU,-20.263378,-42.182817
651,SANTA FE DO ARAGUAIA,-7.124191,-48.781267
652,LAGOA VERMELHA,-28.22194443,-51.51222222
653,PRESIDENTE FIGUEIREDO,-2.056558,-60.025756
654,MONTEIRO,-7.89138888,-37.11527777
655,PASSO FUNDO,-28.226805,-52.403582
656,MONTALVANIA,-14.40833333,-44.40416666
657,REGISTRO,-24.533139,-47.864139
658,ITAPORANGA,-7.318472,-38.140833
659,COSTA RICA,-18.82277777,-53.26722221
660,VITORIA,-20.271094,-40.306069
661,VENDA NOVA DO IMIGRANTE,-20.25222222,-41.18999999
662,VILA VELHA,-20.46694443,-40.40416666
663,ITUVERAVA,-20.35976,-47.77522
664,PARANAPOEMA,-22.65833333,-52.13444444
665,SANTA MARIA,-29.72499999,-53.72055554
666,GARANHUNS,-8.91083333,-36.49333333
667,BONITO,-21.24666666,-56.45055555
668,CUIABA,-15.55916666,-56.72944443
669,REMANSO,-9.62555554,-42.07722221
670,CORUMBA,-18.99666666,-57.63749999
671,AREIA,-6.97499999,-35.68499999
672,PONTA PORA,-22.5525,-55.71638888
673,CAMPO MAIOR,-4.86416666,-42.14555555
674,MINA DO PALITO,-6.31999999,-55.78777777
675,GUARAMIRANGA,-4.22916666,-38.95888888
676,CARMO,-21.938745,-42.600936
677,CHAPADA GAUCHA,-15.30027777,-45.61749999
678,MONTE VERDE,-22.861604,-46.043365
679,CATALAO,-18.15777777,-47.92638888
680,GILBUES,-9.875196,-45.345805
681,ITAPETINGA,-15.24462,-40.22955
682,BOA VISTA,2.816897,-60.690821
683,SORRISO,-12.55,-55.71666666
684,PARANATINGA,-14.421492,-54.036055
685,CAXIAS,-4.82138888,-43.3436111
686,MORRETES,-25.50888888,-48.80861111
687,RANCHARIA,-22.37249999,-50.97416666
688,ITAPIRA,-22.415062,-46.805292
689,SORRISO,-12.555107,-55.722863
690,LABREA,-7.260681,-64.788501
691,PEDRO AFONSO,-8.9686111,-48.17722221
692,ILHEUS,-14.65944444,-39.1811111
693,MONTES CLAROS,-16.686316,-43.843763
694,SAO SEBASTIAO,-23.81083333,-45.4025
695,CASTANHAL,-1.30083333,-47.94805555
696,CRISTALINA,-16.78805555,-47.61166666
697,COLOMBO,-25.32222221,-49.1575
698,PORTO SEGURO,-16.38888888,-39.18249999
699,REMANSO,-9.625693,-42.077214
700,CACADOR,-26.819156,-50.98552
701,ESPERANTINA,-3.90083333,-42.23694444
702,MATEIROS,-10.42999999,-45.91999999
703,CAMBARA DO SUL,-29.049125,-50.149636
704,APIACAS,-9.56388888,-57.3936111
705,BURITICUPU,-4.32055554,-46.44972221
706,CANGUCU,-31.40583333,-52.70111111
707,GURUPI,-11.74499999,-49.05166666
708,URUCUI,-7.47472221,-44.34472221
709,MACAE,-22.3761111,-41.81194444
710,GUARAMIRANGA,-4.261351,-38.931068
711,AGUA BOA,-14.01638888,-52.21166666
712,OURICURI,-7.88472221,-40.10111111
713,CARAVELAS,-17.73333333,-39.26666666
714,BARRETOS,-20.55888888,-48.54472221
715,PICOS,-7.0711111,-41.40416666
716,SERRA TALHADA,-7.95361111,-38.29472221
717,NOVA UBIRATA,-13.41111111,-54.75222222
718,JEREMOABO,-10.08083332,-38.34583333
719,ITAPOA,-26.08138888,-48.64166666
720,SAO MIGUEL DO ARAGUAIA,-12.81972221,-50.34166666
721,OURINHOS,-22.949,-49.894546
722,AFONSO CLAUDIO,-20.10416666,-41.10694444
723,NATAL,-5.9,-35.2
724,ITAPACI,-14.98027777,-49.53944444
725,ITUPORANGA,-27.41833332,-49.64666666
726,LAGOA DA CONFUSAO,-10.80833333,-49.84777777
727,CURACA,-9.00138888,-39.9125
728,PIRIPIRI,-4.2761111,-41.79444444
729,SANTA ROSA,-27.89305555,-54.48055554
730,CAMBARA DO SUL,-29.04916666,-50.14972221
731,QUIXERAMOBIM,-5.17444443,-39.28944444
732,ECOPORANGA,-18.29138888,-40.73638888
733,ITAPEVA,-23.98138888,-48.88527777
734,BURITIS,-15.52416666,-46.43555555
735,SOROCABA,-23.4261111,-47.58555555
736,NOVA TEBAS,-24.43388888,-51.95388888
737,SAO PEDRO DO PIAUI,-5.91111111,-42.7186111
738,ITAITUBA,-4.27694443,-55.99305555
739,EIRUNEPE,-6.65027777,-69.8686111
740,ARAXA,-19.605696,-46.949617
741,FATIMA DO SUL,-22.308694,-54.325833
742,RIO GRANDE,-32.03333333,-52.1
743,PIRAPORA,-17.258064,-44.835556
744,SANTA MARIA,-29.70833333,-53.70361111
745,IGUAPE,-24.671654,-47.545896
746,CURITIBA,-25.43333333,-49.26666666
747,IVINHEMA,-22.30666666,-53.82722221
748,PIRACICABA,-22.703132,-47.623317
749,RIO DE JANEIRO - JACAREPAGUA,-22.93972221,-43.40277777
750,Paty do Alferes - Avelar,-22.34722221,-43.41777777
751,ITUIUTABA,-18.95277777,-49.52499999
752,ALTA FLORESTA,-9.84944444,-56.1
753,MARAU,-13.90694444,-38.97222221
754,CAMPOS SALES,-7.07777777,-40.36277777
755,IMPERATRIZ,-5.55555555,-47.45972222
756,RANCHO QUEIMADO,-27.6786111,-49.04194444
757,EIRUNEPE,-6.650301,-69.86861
758,ACARAU,-3.1211111,-40.08722221
759,AGUAS EMENDADAS,-15.596491,-47.625801
760,DOM PEDRITO,-31.002528,-54.618139
761,INACIO MARTINS,-25.567879,-51.077946
762,MEDICILANDIA,-3.510943,-52.96345
763,IBIRITE (ROLA MOCA),-20.03138888,-44.01111111
764,BRAGANCA PAULISTA,-23.95194444,-46.53055554
765,NOVA VENECIA,-18.695265,-40.390572
766,SORRISO,-12.555,-55.72277777
767,IBIMIRIM,-8.50944444,-37.71138888
768,FEIRA DE SANTANA,-12.1961111,-38.96749999
769,SONORA,-17.89638888,-54.45361111
770,URUCUI,-7.44142,-44.345055
771,ITAPIPOCA,-3.484298,-39.588715
772,QUIXERAMOBIM,-5.174568,-39.289393
773,RIO CLARO,-22.653579,-44.040916
774,DOM ELISEU,-4.280556,-47.563972
775,BANDEIRANTES,-19.94555555,-54.3686111
776,IPORA,-16.42305554,-51.14805555
777,PRESIDENTE FIGUEIREDO,-2.08499999,-60.04888888
778,CHAPECO,-27.95527777,-52.63555555
779,JOAO PESSOA,-7.16527777,-34.81555555
780,MOSSORO,-4.90388888,-37.36694443
781,PORTO ESTRELA,-15.32472221,-57.22583332
782,MANTENA,-18.78062,-40.986505
783,TIANGUA,-3.73222221,-41.01194444
784,GUANHAES,-18.78666666,-42.94305555
785,MACHADO,-21.680722,-45.944389
786,ARAGUAINA,-7.10416666,-48.20111111
787,COXIM,-18.51222222,-54.7361111
788,ALFREDO CHAVES,-20.63638888,-40.74194444
789,EDEIA,-17.33694444,-49.91472222
790,ARAGUAINA,-7.10388888,-48.20111111
791,URUSSANGA,-28.53249999,-49.31555555
792,BREJO GRANDE,-10.47944443,-36.48194443
793,ACARAU,-3.12083332,-40.08694444
794,PASSOS,-20.74499999,-46.63388888
795,ARAGUACU,-12.592213,-49.528738
796,S. G. DA CACHOEIRA,-0.125207,-67.061246
797,CACHOEIRA PAULISTA,-22.68888888,-45.00555555
798,BANDEIRANTES,-19.945539,-54.368533
799,QUERENCIA,-12.5986111,-52.19444444
800,PARNAIBA,-3.08638888,-41.78333333
801,SERAFINA CORREA,-28.704806,-51.870751
802,ARAPIRACA,-9.80444444,-36.61916666
803,DIVINOPOLIS,-20.17333332,-44.87499999
804,BRASILIA,-15.789343,-47.925756
805,LUZIANIA,-16.27222221,-47.96638888
806,VILA VELHA,-20.467069,-40.404051
807,APODI,-5.626559,-37.814991
808,XINGUARA,-7.11055555,-49.9261111
809,RONDONOPOLIS,-16.4625,-54.58027777
810,ARCO VERDE,-8.4336111,-37.05555555
811,MURIAE,-21.105,-42.37583332
812,MACAUBAS,-13.03888888,-42.61722221
813,TUCUMA,-6.743208,-51.141899
814,QUEIMADAS,-10.984645,-39.617009
815,POCO VERDE,-10.73749999,-38.10777777
816,RIO BRANCO,-9.95777777,-68.165
817,SALTO DO CEU,-15.12472221,-58.12722221
818,BATAGUASSU,-21.75138888,-52.47055554
819,ITAPORA,-22.09277777,-54.79888888
820,DRACENA,-21.45777777,-51.55222222
821,PORTO ALEGRE - JARDIM BOTANICO,-30.05361111,-51.17472221
822,CRMN MANAUS,-3.02249999,-60.05555555
823,ITABAIANINHA,-11.27249999,-37.79472221
824,FREDERICO WESTPHALEN,-27.395686,-53.429421
825,TAUBATE,-23.04194444,-45.52027777
826,CAMPO VERDE,-15.531431,-55.135649
827,TORRES,-29.35027777,-49.73333333
828,SANTA ROSA DO TOCANTINS,-11.04638888,-48.18555555
829,BARRETOS,-20.55916666,-48.54499999
830,BARRA BONITA,-22.4711111,-48.5575
831,BARRA DO TURVO,-24.96277777,-48.41638888
832,PALMARES,-8.66666666,-35.56805554
833,ALTO PARAISO DE GOIAS,-14.13305554,-47.52333332
834,CAMPO BOM,-29.67444443,-51.06416666
835,DTCEA GUAJARA-MIRIM,-10.78999999,-65.33277777
836,SAO CARLOS,-21.97972221,-47.88333333
837,CANTO DO BURITI,-8.11777777,-42.00888888
838,GOIANIA,-16.64277777,-49.22027777
839,SANTA FE DO ARAGUAIA,-7.12416666,-48.78138888
840,NOVA FRIBURGO - SALINAS,-22.33472221,-42.67694443
841,DIONISIO CERQUEIRA,-26.28638888,-53.63277777
842,PASSO FUNDO,-28.22944443,-52.40388888
843,CARIRA,-10.399719,-37.747503
844,SAO JOAQUIM,-28.27555554,-49.93472221
845,BRASILANDIA,-21.298278,-52.068917
846,LAGOA VERMELHA,-28.222381,-51.512845
847,S.J. DO RIO CLARO,-13.45388888,-56.67722221
848,OBIDOS,-5.36583333,-49.12527777
849,VALENCA,-13.3436111,-39.12666666
850,SAO FELIX DO XINGU,-6.63972221,-51.95694444
851,IBIMIRIM,-8.50944444,-37.71166666
852,QUERENCIA,-12.60305555,-52.1625
853,CAMPO BOM,-29.674293,-51.064042
854,DOM PEDRITO,-31.0025,-54.61805554
855,PASSA QUATRO,-22.39583333,-44.96194444
856,BERTIOGA,-23.84472221,-46.14333333
857,FEIJO,-8.14277777,-70.3436111
858,RANCHARIA,-22.37277777,-50.97472221
859,PARAUNA,-16.962536,-50.42545
860,MOCAMBINHO,-15.085958,-44.016036
861,RIO URUBU,-2.633654,-59.600582
862,CURITIBANOS,-27.2886111,-50.60416666
863,JANUARIA,-15.44805555,-44.36638888
864,PATOS DE MINAS,-18.520667,-46.440611
865,PONTA PORA,-22.552448,-55.716317
866,FORMIGA,-20.455,-45.45388888
867,PARAGOMINAS,-3.01027777,-47.34305555
868,IBOTIRAMA,-12.19306,-43.21342
869,ALEGRE,-20.75055555,-41.48888888
870,RANCHARIA,-22.372832,-50.97471
871,QUERENCIA,-12.627315,-52.220891
872,PORTO VELHO,-8.76388888,-63.47499999
873,IPORA,-16.42305554,-51.14888888
874,ALTAMIRA,-3.27027777,-52.39472221
875,PALMEIRA DAS MISSOES,-27.920379,-53.318049
876,FAROL de SANTANA,-2.270811,-43.624043
877,FLORESTA,-8.5936111,-38.58388888
878,PACAJA,-3.8436111,-50.63805555
879,PRESIDENTE PRUDENTE,-22.119867,-51.408637
880,SAO BORJA,-28.64944444,-56.01555555
881,TAUA,-6.01749999,-40.28138888
882,GUANAMBI,-14.20805555,-42.74972221
883,TRES RIOS,-22.09833333,-43.20833333
884,FREDERICO WESTPHALEN,-27.39555555,-53.41277777
885,PASSA QUATRO,-22.3961111,-44.96166666
886,PORTO DE MOZ,-1.82194443,-52.11166666
887,SAO RAIMUNDO NONATO,-9.03305554,-42.70055555
888,SERAFINA CORREA,-28.70472222,-51.87083332
889,ARAGARCAS,-15.90277777,-52.24527777
890,ILHEUS,-14.65888888,-39.18138888
891,ARACUAI,-16.84888888,-45.03527777
892,SAO LUIS DO PARAITINGA,-23.22833332,-45.41694443
893,CAPELINHA,-17.70555555,-42.38916666
894,SALGUEIRO,-8.05805555,-39.0961111
895,SERRA DOS AIMORES,-17.79888888,-40.25
896,CACERES,-16.07472221,-57.69305555
897,ESPINOSA,-14.912284,-42.808473
898,CAMPINA GRANDE,-7.24249999,-35.88888888
899,BRUMADO,-14.18194443,-41.67222221
900,TRES MARIAS,-18.200855,-45.459836
901,SAO ROMAO,-16.3625,-45.12388888
902,ARCO VERDE,-8.433544,-37.055477
903,CRUZ DAS ALMAS,-12.675422,-39.08958
904,CANELA,-29.36888888,-50.82722221
905,BEBDOURO,-20.94916666,-48.48972221
906,SANTA CRUZ,-6.22777777,-36.02638888
907,BARRA,-11.08472221,-43.13888888
908,ALTO PARNAIBA,-9.10833333,-45.93194443
909,QUIXERAMOBIM,-5.17305554,-39.28722221
910,CORRENTINA,-13.33222221,-44.61722221
911,CAMETA,-2.239653,-49.499827
912,RIO DE JANEIRO - JACAREPAGUA,-22.939883,-43.402897
913,CAMBUCI,-21.58749999,-41.95833333
914,BEBEDOURO,-20.94805555,-48.47138888
915,PIATA,-13.155681,-41.774125
916,CONCEICAO DAS ALAGOAS,-19.98583333,-48.15138888
917,GOIOERE,-24.18388888,-53.04888888
918,SANTANA DO LIVRAMENTO,-30.75055555,-55.40138888
919,GUANHAES,-18.786842,-42.942921
920,PATOS DE MINAS,-18.52055554,-46.44055555
921,VACARIA,-28.513602,-50.882738
922,ITATIAIA,-22.373944,-44.703111
923,NOVA FATIMA,-23.40694444,-50.57777777
924,COXIM,-18.51222222,-54.73583333
925,BARCELOS,-0.98722221,-62.92416666
926,ITUMBIARA,-18.409761,-49.192061
927,IRECE,-11.328998,-41.864504
928,SILVANIA,-16.67972221,-48.61805554
929,SERRINHA,-11.664586,-39.022946
930,BOM JESUS DO PIAUI,-9.08333333,-44.32638888
931,GUARAMIRANGA,-4.26111111,-38.19749999
932,SILVANIA,-16.67694443,-48.61805554
933,UNA,-15.280215,-39.09127
934,PORTO GRANDE,0.69444444,-51.40416666
935,SENHOR DO BONFIM,-10.443072,-40.148244
936,PATROCINIO,-18.996684,-46.985935
937,PRESIDENTE PRUDENTE,-22.11999999,-51.40861111
938,CACAPAVA DO SUL,-30.545317,-53.46705
939,TORRES,-29.35027777,-49.73305554
940,ECOPORANGA,-18.29166666,-40.73638888
941,IGUATEMI,-23.64444444,-54.57027777
942,RIO DE JANEIRO - FORTE DE COPACABANA,-22.98833333,-43.19055555
943,CRATEUS,-5.18666666,-40.67222221
944,SERRA DOS AIMORES,-17.798799,-40.249933
945,MARIANOPOLIS DO TO,-9.57666666,-49.72333332
946,ITACOATIARA,-3.13333333,-58.48277777
947,PILAO ARCADO,-10.00222222,-42.47333332
948,BEBDOURO,-20.94916666,-48.48999999
949,BOM JESUS DO PIAUI,-9.08333333,-44.31666666
950,GAUCHA DO NORTE,-13.18472221,-53.2575
951,PETROLINA,-9.388323,-40.523262
952,MANAUS,-3.10333333,-60.01638888
953,JUIZ DE FORA,-21.769965,-43.364329
954,CAXIAS,-4.821352,-43.343659
955,CONDE,-11.8,-37.59972221
956,COMODORO,-13.70861111,-59.76277777
957,NATAL,-5.83722221,-35.20805555
958,COARI,-4.09749999,-63.14527777
959,SANTAREM,-2.5025,-54.72027777
960,CARATINGA,-19.73583333,-42.15361111
961,IVAI,-25.010757,-50.853853
962,ITAPEVA,-23.981918,-48.885818
963,BARRA DO TURVO,-24.96305555,-48.41638888
964,SINOP,-11.98222221,-55.56583333
965,PEF ESTIRAO DO EQUADOR,-4.52999999,-71.61749999
966,URUGUAIANA,-29.83999999,-57.08194443
967,ABROLHOS,-17.96416666,-38.6961111
968,LINS,-21.66611111,-49.73472221
969,MACHADO,-21.68083332,-45.94444444
970,PAO DE ACUCAR,-9.74916666,-37.43083332
971,GRAJAU,-5.816085,-46.1622
972,PAMPULHA,-19.88416666,-43.96944443
973,ITAPACI,-14.97972221,-49.53944444
974,REGISTRO,-24.53305554,-47.86416666
975,CAICO,-6.46749999,-37.08499999
976,VILHENA,-12.73472221,-60.15777777
977,CURITIBA,-25.448688,-49.230602
978,UBERLANDIA,-18.917072,-48.255657
979,URUGUAIANA,-29.83987,-57.081899
980,SAO PAULO - INTERLAGOS,-23.724501,-46.677501
981,LINS,-21.66527777,-49.73416666
982,ARQ.SAO PEDRO E SAO PAULO,0.916877,-29.345904
983,SAO MATEUS,-18.71388888,-39.84833333
984,JARDIM,-21.47833332,-56.13694444
985,FORTALEZA,-3.83222221,-38.53777777
986,RECIFE,-8.05916666,-34.95916666
987,RIO DE JANEIRO-MARAMBAIA,-23.05027777,-43.59555555
988,LUIZ EDUARDO MAGALHAES,-12.1525,-45.82972221
989,DOM ELISEU,-4.28055554,-47.56388888
990,PICO DO COUTO,-22.48166666,-43.29138888
991,CABROBO,-8.504,-39.31528
992,CAROLINA,-7.337269,-47.459839
993,CHAPADINHA,-3.74277777,-43.35194444
994,MARECHAL THAUMATURGO,-8.95,-72.78666666
995,CRUZ ALTA,-28.60361111,-53.6736111
996,SAO MATEUS DO SUL,-25.83555555,-50.36888888
997,COTRIGUACU,-9.906296,-58.572235
998,PRES. KENNEDY,-21.10111111,-41.03888888
999,EUCLIDES DA CUNHA,-10.53722221,-38.99666666
1000,SILVA JARDIM,-22.64583333,-42.41583333
1001,CASSILANDIA,-19.12249999,-51.72083332
1002,PICOS,-7.07083332,-41.40416666
1003,BRAZLANDIA,-15.59972221,-48.1311111
1004,GUANAMBI,-14.2081235,-42.749647
1005,SAO TOME,-22.04166666,-41.05194444
1006,SAO SEBASTIAO DO PARAISO,-20.91,-47.11416666
1007,PALMEIRA DAS MISSOES,-27.92027777,-53.31805554
1008,CURITIBANOS,-27.288624,-50.604283
1009,CRIOSFERA,-84.0,-79.49416666
1010,JANAUBA,-15.80277777,-43.29694444
1011,GOIAS,-15.93972221,-50.14138888
1012,BRUMADO,-14.18166666,-41.67222221
1013,CASA BRANCA,-21.78055554,-47.07527777
1014,IMPERATRIZ,-5.55583333,-47.45972222
1015,TIMOTEO,-19.57388888,-42.62249999
1016,SANTA RITA DO PARDO,-21.305889,-52.820375
1017,ICARAIMA,-23.39027777,-53.63472221
1018,BALIZA,0.94777777,-59.74638888
1019,ARQ.SAO PEDRO E SAO PAULO,0.9,-29.31666666
1020,CAMPOS LINDOS,-8.15472222,-46.63916666
1021,ARACUAI,-16.84888888,-42.03527777
1022,GOIANESIA,-15.22027777,-48.99027777
1023,MONTE ALEGRE,-2.0,-54.07638888
1024,JUINA,-11.37499999,-58.77472221
1025,BELO HORIZONTE - CERCADINHO,-19.980034,-43.958651
1026,JATAI,-17.92388888,-51.71777777
1027,PARANAIBA,-19.695517,-51.181769
1028,BACABAL,-4.24305555,-44.79499999
1029,CAMPOS SALES,-7.07773,-40.362678
1030,PALMAS,-10.19083333,-48.30194444
1031,POSSE,-14.08921,-46.366497
1032,MARACAJU,-21.60916666,-55.17749999
1033,XANXERE,-26.938666,-52.39809
1034,GARANHUNS,-8.91095,-36.493381
1035,NOVA PORTEIRINHA (JANAUBA),-15.80277777,-43.29694444
1036,CAPELINHA,-17.705504,-42.389256
1037,TUPA,-21.927251,-50.490251
1038,APUI,-7.20555555,-59.8886111
1039,PARATY,-23.2236111,-44.72694443
1040,VOTUPORANGA,-20.403221,-49.966031
1041,NOVA ALVORADA DO SUL,-21.45111111,-54.34194444
1042,CLEVELANDIA,-26.41722221,-52.34888888
1043,EPITACIOLANDIA,-11.023752,-68.73518
1044,ARACAJU,-10.95027777,-37.05
1045,PEDRO GOMES,-18.07277777,-54.54888888
1046,CAMAPUA,-19.587528,-54.030083
1047,BEBEDOURO,-20.94916666,-48.48999999
1048,PIRACICABA,-22.70277777,-47.62305554
1049,MACEIO,-9.551168,-35.770195
1050,JUINA,-11.36694443,-58.73305554
1051,PORTO VELHO,-8.793662,-63.845931
1052,GRAJAU,-5.82472221,-46.15944444
1053,CASTRO,-24.77999999,-50.04638888
1054,MARIANOPOLIS DO TO,-9.576389,-49.723333
1055,RIO BRILHANTE,-21.77499999,-54.52805554
1056,CARACOL,-9.28583333,-43.32444443
1057,CAMARATUBA,-6.56083333,-35.13472221
1058,UAUA,-9.8336111,-39.49555555
1059,CARACOL,-9.2861111,-43.32444443
1060,RIO URUBU,-2.6336111,-59.60055555
1061,ITAOBIM,-16.575667,-41.485588
1062,REMANSO,-9.60277777,-42.10277777
1063,MARILIA,-22.23527777,-49.965
1064,PIRANHAS,-9.62222221,-37.76722221
1065,ITAPOA,-26.0811111,-48.64166666
1066,PARACATU,-17.24444444,-46.88166666
1067,CORURIPE,-10.14527777,-36.28638888
1068,MAUES,-3.39888888,-57.67388888
1069,NOVO HORIZONTE,-26.40694444,-52.85055555
1070,BRAGANCA PAULISTA,-22.95194444,-46.53055554
1071,TIMOTEO,-19.5736111,-42.62222221
1072,SANTAREM,-2.502572,-54.720279
1073,FEIRA DE SANTANA,-12.19583333,-38.96722221
1074,MONTES CLAROS,-16.71666666,-43.86666666
1075,BOM JARDIM DA SERRA - MORRO DA IGREJA,-28.126992,-49.47961
1076,SALINOPOLIS,-0.6186111,-47.35666666
1077,FORMIGA,-20.45472222,-45.45388888
1078,VENTANIA,-24.280394,-50.21015
1079,BENTO GONCALVES,-29.16722221,-51.53472221
1080,CAIAPONIA,-16.96694443,-51.81749999
1081,CAMPO GRANDE,-20.45,-54.6
1082,SOURE,-0.81111111,-48.51583333
1083,JACOBINA,-11.205,-40.465
1084,BARBACENA,-21.22833332,-43.76777777
1085,ITAQUIRAI,-23.449501,-54.181858
1086,MANAUS,-3.10361111,-60.01555555
1087,SILVANIA,-16.679786,-48.618171
1088,PARATI,-23.22354,-44.726863
1089,BERTIOGA,-23.844678,-46.143376
1090,ESPINOSA,-14.91222222,-42.80861111
1091,CARATINGA,-19.73583333,-42.13722221
1092,MOSTARDAS,-31.24777777,-50.90555555
1093,GUANAMBI,-14.20805555,-42.74944444
1094,PREGUICAS,-2.59249999,-42.70722222
1095,CAPAO DO LEAO (PELOTAS),-31.8025,-52.40722222
1096,GOIAS,-15.939729,-50.141433
1097,RIBAS DO RIO PARDO,-20.466694,-53.763028
1098,VENDA NOVA DO IMIGRANTE,-20.38555555,-41.18999999
1099,CARIRA,-10.39944444,-37.74722221
1100,OURO BRANCO,-20.55666666,-43.75611111
1101,ITAJAI,-26.950924,-48.762031
1102,JOAQUIM TAVORA,-23.50527777,-49.94638888
1103,ALTO TAQUARI,-17.8411111,-53.28944444
1104,GOIANIA,-16.642841,-49.220222
1105,SAO SEBASTIAO DO PARAISO,-20.909892,-47.114259
1106,SANTA CRUZ,-6.227922,-36.026587
1107,SALVADOR (RADIO FAROL),-12.80833333,-38.49583333
1108,PARANAPOEMA,-22.658273,-52.134526
1109,SERRA NOVA DOURADA,-11.98777777,-51.4261111
1110,DTCEA TABATINGA,-4.25055555,-69.93499999
1111,GUARAMIRANGA,-4.26138888,-38.9311111
1112,GOIOERE,-24.15833333,-53.03055554
1113,IGUATEMI,-23.644481,-54.570289
1114,ROSARIO OESTE,-14.82888888,-56.44194444
1115,SILVA JARDIM,-22.64583333,-42.41555555
1116,VILA BELA DA SANTISSIMA TRINDADE,-15.06277777,-59.87305554
1117,LAGUNA CARAPA,-22.575389,-55.160333
1118,BELMONTE,-16.08805555,-39.21555555
1119,PARQUE ESTADUAL CHANDLESS,-9.3575,-69.92722221
1120,BAURU,-22.358052,-49.028877
1121,PEDRO AFONSO,-8.9686111,-48.19416666
1122,BAURU,-22.35805555,-49.02888888
1123,ARAXA,-19.60555555,-46.94944444
1124,SAPEZAL,-13.30388888,-58.76333333
1125,BURITIRAMA,-10.72305554,-43.65111111
1126,APODI,-5.62638888,-37.815
1127,COLOMBO,-25.322464,-49.157733
1128,INACIO MARTINS,-25.56583333,-51.08944444
1129,JAGUARUANA,-4.85333333,-37.77694443
1130,SAO LUIZ GONZAGA,-28.417113,-54.962403
1131,IGUAPE,-24.67166666,-47.54583333
1132,VITORIA DA CONQUISTA,-14.886428,-40.80133
1133,ANGRA DOS REIS,-22.975694,-44.303444
1134,IVAI,-25.01083333,-50.85388888
1135,BRUMADO,-14.181886,-41.672281
1136,ARCO VERDE,-8.41694443,-37.08333333
1137,ITAOBIM,-16.57555554,-41.48555555
1138,OEIRAS,-6.97416666,-42.14694444
1139,FOZ DO IGUACU,-25.601834,-54.483065
1140,BREJO GRANDE,-10.47388888,-36.48194443
1141,BELA VISTA,-22.101536,-56.540763
1142,AUTAZES,-3.583333,-59.12944
1143,AGUAS EMENDADAS,-15.59638888,-47.62583332
1144,DUQUE DE CAXIAS - XEREM,-22.58972221,-43.28222221
1145,CACADOR,-26.81944443,-50.98555555
1146,TRES RIOS,-22.09833333,-43.20861111
1147,BRASNORTE (MUNDO NOVO),-12.87194443,-58.38722221
1148,GOIANIA,-16.64277777,-49.21999999
1149,PASSA QUATRO,-22.395799,-44.961909
1150,SAO JOAO DEL REI,-21.22638888,-44.97944443
1151,LINHARES,-19.356923,-40.068688
1152,BOM JARDIM DA SERRA - MORRO DA IGREJA,-28.12694443,-49.47972221
1153,ARACAJU,-10.9525,-37.05444444
1154,BRASILANDIA,-21.29833333,-52.06888888
1155,CACOAL,-11.445837,-61.434146
1156,SALINOPOLIS,-0.61888888,-47.35666666
1157,BAMBUI,-20.0311111,-46.00888888
1158,JATAI,-17.923622,-51.717467
1159,ARARANGUA,-28.93138888,-49.49805555
1160,SOROCABA,-23.426035,-47.585552
1161,IVINHEMA,-22.300421,-53.822895
1162,MACAPA,0.03527777,-51.0886111
1163,RIO GRANDE,-32.07888888,-52.16777777
1164,MARACAJU,-21.609036,-55.177531
1165,ARAGUATINS,-5.6436111,-48.11194444
1166,CRISTALINA (FAZENDA SANTA MONICA),-16.39944444,-47.62583332
1167,TUPA,-21.92722221,-50.49027777
1168,CABROBO,-8.50388888,-39.31527777
1169,SANTANA DO ARAGUAIA,-9.3386111,-50.35027777
1170,VALENCA,-13.34361,-39.12667
1171,ALTO TAQUARI,-17.81555555,-53.28749999
1172,TEUTONIA,-29.450334,-51.824283
1173,CALCANHAR,-5.16,-35.45416666
1174,PARAUNA,-16.94583333,-50.42527777
1175,PLACAS,-3.8811111,-54.2461111
1176,CASA BRANCA,-21.78056,-47.07528
1177,POCO VERDE,-10.73805555,-38.10833333
1178,JALES,-20.165,-50.59499999
1179,ALVORADA DO GURGUEIA,-8.37638888,-43.85944444
1180,ITABERABA,-12.52416666,-40.29972221
1181,IBITINGA,-21.85555555,-48.66666666
1182,PACARAIMA,4.47749999,-61.14916666
1183,CHAPADA GAUCHA,-15.31,-45.61666666
1184,CAMPOS SALES,-7.07805554,-40.36305555
1185,SAO SIMAO,-21.46111111,-47.57944443
1186,SERRA DOS CARAJAS,-6.077427,-50.142265
1187,RECIFE,-8.05928,-34.959239
1188,ICARAIMA,-23.39027777,-53.63583333
1189,MONTALVANIA,-15.08583333,-44.01583333
1190,IGUATU,-6.396375,-39.268954
1191,SANTA MARIA MADALENA,-21.95055555,-42.01055555
1192,RIBAS DO RIO PARDO,-20.46666666,-53.76305555
1193,SALVADOR,-13.005515,-38.50576
1194,SINOP,-11.98222221,-55.56611111
1195,JOACABA,-27.169268,-51.558963
1196,OLIVEIRA,-20.714917,-44.864567
1197,PRIMAVERA DO LESTE,-15.57999999,-54.3811111
1198,ALVORADA DO GURGUEIA,-8.44305555,-43.86472222
1199,MONTEIRO,-7.89444444,-37.12472221
1200,TRES LAGOAS,-20.79499999,-51.71333333
1201,ESTREITO,-6.65333333,-47.41833332
1202,SOROCABA,-23.35,-47.66666666
1203,ITIRUCU,-13.52777777,-40.11972221
1204,RIO SONO,-9.793363,-47.132732
1205,OEIRAS,-6.974135,-42.146831
1206,MONTE ALEGRE,-2.000054,-54.076479
1207,GENERAL CARNEIRO,-26.3986111,-51.35444444
1208,MORRINHOS,-17.745066,-49.101698
1209,RIO BRANCO,-9.95777777,-68.16527777
1210,ITACOATIARA,-3.13305554,-58.48277777
1211,DIVINOPOLIS,-20.17305554,-44.87472221
1212,SAO JOSE DOS AUSENTES,-28.75138888,-50.05833333
1213,PORTO ALEGRE,-30.05,-51.16666666
1214,SAO LUIZ GONZAGA,-28.41722221,-54.9625
1215,PARNAIBA,-3.08666666,-41.78305554
1216,NOVO REPARTIMENTO,-4.24388888,-49.93944444
1217,CAROLINA,-7.33722221,-47.45972222
1218,HUMAITA,-7.92277777,-63.12138888
1219,VITORIA,-20.27083332,-40.30583333
1220,CAMBUCI,-21.56666666,-41.95
1221,ITAPIPOCA,-3.48416666,-39.5886111
1222,ERECHIM,-27.65771,-52.305805
1223,SETE LAGOAS,-19.455,-44.17333332
1224,BARUERI,-23.52389,-46.86945
1225,VICOSA,-20.76277777,-42.86388888
1226,BAGE,-31.347801,-54.013292
1227,PARANATINGA,-14.42138888,-54.0361111
1228,JUARA,-11.280158,-57.526641
1229,PLACAS,-3.86404,-54.216416
1230,ALMAS,-11.28416666,-47.21222222
1231,LABREA,-7.26055555,-64.7886111
1232,NOVA MARINGA,-13.038642,-57.092201
1233,NOVO ARIPUANA,-8.0911111,-60.38055554
1234,NOVA MARINGA,-13.0386111,-57.09222221
1235,SELVIRIA,-20.35138888,-51.43027777
1236,ITAUBAL,0.567833,-50.823528
1237,BRAGANCA PAULISTA,-23.951972,-46.530472
1238,NOVO HORIZONTE,-26.40638888,-52.85027777
1239,BACABAL,-4.243056,-44.794993
1240,FLORESTA,-8.59888888,-38.58416666
1241,PIRANHAS,-9.622261,-37.767113
1242,BURITICUPU,-4.320597,-46.449503
1243,SAO LUIS,-2.52666666,-44.21361111
1244,ITAITUBA,-4.27638888,-55.99305555
1245,TEOFILO OTONI,-17.9,-41.51666666
1246,CAPELINHA,-17.70527777,-42.38916666
1247,DIVINOPOLIS,-20.173278,-44.874944
1248,TUCUMA,-6.7436111,-51.14222221
1249,BATAGUASSU,-21.75,-52.47138888
1250,SAO SIMAO,-18.96666666,-50.61666666
1251,ITAQUIRAI,-23.44944444,-54.18194443
1252,PEIXE,-12.01527777,-48.54444444
1253,PIRACICABA,-22.70305555,-47.62333332
1254,VILHENA,-12.734862,-60.157784
1255,BRAGANCA PAULISTA,-22.94916666,-46.5261111
1256,BARRA BONITA,-22.37083332,-48.55722222
1257,MAL. CANDIDO RONDON,-24.533303,-54.019248
1258,CAMPOS,-21.71666666,-41.35
1259,DIANOPOLIS,-11.59444444,-46.84722221
1260,MARINGA,-23.405357,-51.932828
1261,OURINHOS,-22.94888888,-49.89444444
1262,AUTAZES,-2.05638888,-60.02555554
1263,RONDONOPOLIS,-16.45,-54.56666666
1264,MOCAMBINHO,-15.08583333,-44.01611111
1265,BELA VISTA,-22.10166666,-56.54083333
1266,LUIZ EDUARDO MAGALHAES,-12.15222222,-45.82972221
1267,ALMENARA,-16.166773,-40.687756
1268,TIMOTEO,-19.573824,-42.622413
1269,BRAGANCA,-1.047258,-46.78579
1270,ANGRA DOS REIS,-22.97555554,-44.30333333
1271,RONDONOPOLIS,-16.462419,-54.580151
1272,PIRAPORA,-17.25777777,-44.83555555
1273,SANTA RITA DE CASSIA,-11.00333333,-44.53638888
1274,BURITIRAMA,-10.722925,-43.651203
1275,EPITACIOLANDIA,-11.0236111,-68.73499999
1276,DOIS VIZINHOS,-25.69472221,-53.09444444
1277,SACRAMENTO,-19.875271,-47.434102
1278,EIRUNEPE,-6.65027777,-69.86694443
1279,OIAPOQUE,3.81361111,-51.8625
1280,ARIQUEMES,-9.94888888,-62.96194444
1281,PLACAS,-3.86416666,-54.21638888
1282,IRECE,-11.32888888,-41.86444444
1283,SURUBIM,-7.83972221,-35.80111111
1284,ITAOBIM,-16.57555554,-41.48527777
1285,GUARDA-MOR,-17.56138888,-47.19916666
1286,AIMORES,-19.53277777,-41.09083333
1287,FRANCA,-20.58444444,-47.38249999
1288,CARLINDA,-10.00527777,-55.79055555
1289,FLORIANO,-6.76666666,-43.01666666
1290,SAO GONCALO,-6.835777,-38.311583
1291,SANTA ROSA DO TOCANTINS,-11.42888888,-48.18499999
1292,QUIXADA,-4.978783,-39.057183
1293,CAPITAO POCO,-1.734766,-47.0575
1294,SALINAS,-16.160327,-42.310266
1295,ARAXA,-19.60583333,-46.94972221
1296,TANGARA DA SERRA,-14.65,-57.43166666
1297,BRAGANCA,-1.05583333,-46.78277777
1298,OURO BRANCO,-20.54583333,-43.76944443
1299,PARAGOMINAS,-2.90055555,-47.49499999
1300,VILA BELA DA SANTISSIMA TRINDADE,-15.06277777,-59.87277777
1301,JUINA,-11.375126,-58.774785
1302,DELFINO,-10.455,-41.20722222
1303,FORTALEZA,-3.815701,-38.537792
1304,TUPANCIRETA,-29.89388888,-53.82666666
1305,SANTA MARIA MADALENA,-21.95055555,-42.01027777
1306,FLORIANOPOLIS,-27.60253,-48.620096
1307,MACAE,-22.38333333,-41.81666667
1308,SANTA ROSA,-27.890463,-54.480014
1309,JUARA,-11.28027777,-57.52666666
1310,GOIAS,-15.93916666,-50.14138888
1311,ITAPOA,-26.081303,-48.641774
1312,JAPIRA,-23.77333332,-50.18055554
1313,BAMBUI,-20.0311111,-46.00861111
1314,PEIXE,-12.015377,-48.544517
1315,PORTO ALEGRE- BELEM NOVO,-30.1861111,-51.17805554
1316,CABACEIRAS,-7.483206,-36.286469
1317,MACEIO,-9.55111111,-35.77027777
1318,PORANGATU,-13.309528,-49.117478
1319,IBIRITE (ROLA MOCA),-20.0311111,-44.01111111
1320,TUPANCIRETA,-29.08944444,-53.82666666
1321,CACHOEIRA PAULISTA,-22.689001,-45.005444
1322,PALMEIRA DOS INDIOS,-9.42055554,-36.62027777
1323,MACAJUBA,-12.131694,-40.354222
1324,SAO LUIS DO QUITUNDE,-9.287481,-35.565878
1325,FEIJO,-8.24194444,-70.57527777
1326,CALDAS,-21.918066,-46.382996
1327,COSTA RICA,-18.49277777,-53.17138888
1328,TORRES,-29.350359,-49.733263
1329,URUCUI,-7.44138888,-44.34499999
1330,PORTO VELHO,-8.7936111,-63.84583333
1331,FORMOSO DO ARAGUAIA,-11.98722221,-49.60833333
1332,ALTA FLORESTA,-10.077262,-56.179221
1333,SAO MATEUS DO SUL,-25.835604,-50.368994
1334,BOA VISTA,2.81694443,-60.69083333
1335,DOURADOS,-22.19392,-54.911355
1336,CUIABA,-15.559295,-56.062951
1337,FATIMA DO SUL,-22.30861111,-54.32583332
1338,FLORESTAL,-19.88527778,-44.41694444
1339,FAROL de SANTANA,-2.27083332,-43.62416666
1340,RIO BRILHANTE,-21.774944,-54.528108
1341,JAGUARUANA,-4.78694444,-37.76666666
1342,RESENDE,-22.45138888,-44.44499999
1343,FORMIGA,-20.45493,-45.453825
1344,CABROBO,-8.50305555,-39.31388888
1345,RECIFE,-8.05916666,-34.95944444
1346,BALSAS,-7.455609,-46.027546
1347,ITIQUIRA,-17.175051,-54.50169
1348,MAUES,-3.39888888,-57.6736111
1349,CASTANHAL,-1.30083333,-47.93083332
1350,AGUA CLARA,-20.44444444,-52.87555554
1351,JOSE BONIFACIO,-21.08555555,-49.92055554
1352,SANTIAGO,-29.19138888,-54.88555555
1353,FORTE PRINCIPE,-12.42999999,-64.41999999
1354,RIO VERDE,-17.78527777,-50.965
1355,CASTANHAL,-1.300875,-47.947967
1356,VITORIA DA CONQUISTA,-14.88638888,-40.80138888
1357,PLANALTO,-25.72194443,-53.74805555
1358,RIO DE JANEIRO - VILA MILITAR,-22.86138888,-43.41138888
1359,CRISTALINA,-16.784896,-47.612966
1360,CRUZEIRO DO SUL,-7.61083333,-72.68138888
1361,MATEIROS,-10.43444444,-45.92194443
1362,PORTO MURTINHO,-21.70583333,-57.88666666
1363,SAO JOSE DO XINGU,-10.48416666,-52.37249999
1364,VENDA NOVA DO IMIGRANTE,-20.385423,-41.189934
1365,URUSSANGA,-28.53249999,-49.31527777
1366,TRES LAGOAS,-20.783333,-51.712222
1367,BAIXA GRANDE DO RIBEIRO,-8.33749999,-45.09472221
1368,VACARIA,-28.51361111,-50.88277777
1369,JUTI,-22.85721,-54.605634
1370,MONTE ALEGRE DE GOIAS,-13.253521,-46.890326
1371,PORTO SEGURO,-16.38916666,-39.18249999
1372,ARARANGUA,-28.931353,-49.49792
1373,IGUATU,-6.39638888,-39.26888888
1374,ITUIUTABA,-18.952907,-49.525072
1375,TEOFILO OTONI,-17.89284,-41.515423
1376,PALMARES,-8.66638888,-35.56805554
1377,CORUMBA,-18.99667,-57.6375
1378,AGUA CLARA,-20.44444444,-52.87583332
1379,PILAO ARCADO,-10.01833332,-42.50027777
1380,MORADA NOVA,-5.136689,-38.35659
1381,MIRANDA,-20.39555555,-56.43166666
1382,SETE LAGOAS,-19.455288,-44.173389
1383,CORONEL PACHECO,-21.546728,-43.261029
1384,SANTANA DO LIVRAMENTO,-30.84249999,-55.61277777
1385,ABROLHOS,-17.963016,-38.703288
1386,Santa Vitoria do Palmar - Barra do Chui,-33.74166666,-53.37138888
1387,GUARDA-MOR,-17.56166666,-47.19944444
1388,ILHEUS,-14.658803,-39.181438
1389,APIACAS,-9.56333333,-57.3936111
1390,RIO BRANCO,-9.957844,-68.165169
1391,PRADOPOLIS,-21.338432,-48.114007
1392,MORRINHOS,-17.71666667,-49.1
1393,Santa Vitoria do Palmar - Barra do Chui,-33.74222221,-53.37222221
1394,GENERAL CARNEIRO,-26.3986111,-51.35361111
1395,CAMPO VERDE,-15.55888888,-55.17944443
1396,SOBRAL,-3.73166666,-40.34555555
1397,SAO VICENTE DO SUL,-29.702111,-54.694319
1398,SONORA,-17.63527777,-54.76055555
1399,JOAO PINHEIRO,-17.784477,-46.119394
1400,PATOS,-7.07972221,-37.27249999
1401,CAMPINA DA LAGOA,-24.57083332,-52.80027777
1402,CANGUCU,-31.40333333,-52.70083333
1403,CIDADE GAUCHA,-23.359156,-52.931912
1404,PEDRO GOMES,-18.072711,-54.548811
1405,FORTE DE COPACABANA,-22.98833333,-43.19027777
1406,DORES DO INDAIA,-19.481935,-45.593932
1407,PARANAIBA,-19.69555555,-51.18166666
1408,PARANOA (COOPA-DF),-16.01111111,-47.5575
1409,BARBALHA,-7.30083333,-39.2711111
1410,CAMETA,-2.2486111,-49.49305555
1411,XEREM,-22.58972221,-43.28222221
1412,PRES. KENNEDY,-21.100805,-41.039395
1413,CALDAS,-21.91805554,-46.38305554
1414,BREVES,-1.680251,-50.478139
1415,ARAGARCAS,-15.90583333,-52.24388888
1416,SANTA CRUZ,-6.22805554,-36.02666666
1417,BARCELOS,-0.95861111,-62.94222221
1418,JAGUARAO,-32.534825,-53.37586
1419,OURICURI,-7.885833,-40.102683
1420,APUI,-7.21527777,-59.8886111
1421,MANHUACU,-20.26361111,-42.18277777
1422,GARANHUNS,-8.90694444,-36.49472221
1423,Laguna  - Farol de Santa Marta,-28.60416666,-48.81333333
1424,SAO GABRIEL,-30.341438,-54.310909
1425,TIANGUA,-3.732169,-41.011881
1426,INDAIAL,-26.91361111,-49.26749999
1427,JOAO PESSOA,-7.165409,-34.815627
1428,ANGELICA,-22.148083,-53.763736
1429,SALTO DO CEU,-15.13583333,-58.115
1430,ULIANOPOLIS,-3.8,-47.51
1431,BENTO GONCALVES,-29.164581,-51.534202
1432,FEIRA DE SANTANA,-12.1962,-38.967384
1433,COTRIGUACU,-9.90638888,-58.57222221
1434,PARAUNA,-16.9625,-50.42555554
1435,ITIRUCU,-13.527828,-40.119752
1436,VALENCA DO PIAUI,-6.399274,-41.739953
1437,ITAMARAJU,-17.00722222,-39.55138888
1438,TAUA,-6.01666666,-40.28166666
1439,TURIACU,-1.66111111,-45.37249999
1440,PIUM,-10.476944,-49.629475
1441,SALGUEIRO,-8.058056,-39.096111
1442,OURINHOS,-23.00055555,-49.84333333
1443,DOURADOS,-22.19388888,-54.91138888
1444,ARAGUAINA,-7.103954,-48.201231
1445,AGUA BOA,-14.01611111,-52.21222222
1446,AUTAZES,-3.58333333,-59.12944443
1447,JANUARIA,-15.448089,-44.366313
1448,EPITACIOLANDIA,-11.02388888,-68.73527777
1449,RIO URUBU,-2.7211111,-59.94333333
1450,FOZ DO IGUACU,-25.60194444,-54.48305554
1451,GURUPI,-11.745782,-49.049703
1452,ALVORADA DO GURGUEIA,-8.44166666,-43.86555555
1453,IBOTIRAMA,-12.19249999,-43.2125
1454,CURVELO,-18.76444444,-44.45361111
1455,CATALAO,-18.154779,-47.927614
1456,CRUZ DAS ALMAS,-12.67555554,-39.08944444
1457,PORANGATU,-13.30944444,-49.11749999
1458,JAGUARIBE,-5.90527777,-38.62777777
1459,JARDIM,-21.478529,-56.137717
1460,IPIAU,-14.17138888,-39.69249999
1461,MONTE VERDE,-22.86138888,-46.04333333
1462,NOVA ALVORADA DO SUL,-21.450972,-54.341972
1463,CAMPINA GRANDE,-7.22555554,-35.90472222
1464,IVINHEMA,-22.30055555,-53.82277777
1465,SANTO AUGUSTO,-27.85444444,-53.7911111
1466,PORANGATU,-13.51444444,-49.19833333
1467,ARAL MOREIRA,-22.955028,-55.626
1468,COLINAS,-6.03305554,-44.23333333
1469,NOVA FATIMA,-23.41527777,-50.57777777
1470,PATOS,-7.07972221,-37.27277777
1471,NOVO REPARTIMENTO,-4.23444444,-49.94277777
1472,SAO PAULO - INTERLAGOS,-23.72472221,-46.67805554
1473,SAO VICENTE DO SUL,-29.70194444,-54.69416666
1474,PORTO GRANDE,0.69416666,-51.40388888
1475,CHAPADAO DO SUL,-18.80222222,-52.6025
1476,ARIQUEMES,-9.949001,-62.961873
1477,JAPIRA,-23.773341,-50.18057
1478,AVARE,-23.09972221,-48.94555555
1479,CAMPINA DA LAGOA,-24.570861,-52.800256
1480,OIAPOQUE,3.813583,-51.8625
